Protein	Degree
A1CF	1
AACS	0
AAGAB	0
AAMDC	0
AAMP	0
AANAT	1
AASDHPPT	0
AATF	5
ABCF3	0
ABHD1	0
ABHD16A	0
ABHD17A	1
ABI2	4
ABI3	0
ABLIM1	0
ABLIM3	0
ABO	0
ABT1	1
ABTB1	0
ACAT2	0
ACCS	0
ACD	2
ACMSD	0
ACOT7	0
ACOT8	0
ACSF2	0
ACSS1	0
ACTB	7
ACTG1	4
ACTL8	0
ACTN1	15
ACTN2	16
ACTN3	1
ACTN4	9
ACTR10	0
ACY1	0
ACY3	0
ACYP2	0
ADAM15	8
ADAM33	0
ADAMTS12	0
ADAMTSL3	0
ADAMTSL4	2
ADAMTSL5	0
ADAP1	1
ADAT2	0
ADCK3	0
ADCK5	0
ADCY4	0
ADD1	1
ADIPOQ	0
ADPRH	0
ADRM1	4
AEBP2	0
AEN	0
AES	8
AFAP1L1	0
AFF4	1
AFG3L1P	0
AGFG1	2
AGGF1	1
AGPAT1	0
AGPAT4	0
AGPAT5	0
AGPS	0
AGR2	0
AGR3	1
AGTR1	2
AGTRAP	1
AHCY	0
AHCYL1	0
AHNAK	2
AHNAK2	0
AHSA2	1
AHSP	1
AIDA	0
AIM2	0
AIMP1	1
AIMP2	9
AK3	0
AK8	0
AKAP17A	1
AKAP7	0
AKAP9	7
AKIRIN1	0
AKR1C1	0
AKR7A2	0
AKR7A3	0
AKT1	30
AKTIP	3
ALAS1	0
ALAS2	0
ALDH18A1	0
ALDH1A1	0
ALDH3B1	0
ALDOA	1
ALDOC	0
ALG13	0
ALKBH3	0
ALKBH4	0
ALOX5	2
ALPI	0
ALPP	0
ALS2CR11	0
ALS2CR12	0
AMBP	2
AMDHD2	0
AMMECR1	0
AMOT	1
AMOTL2	0
AMPD2	0
AMPH	7
ANAPC13	0
ANKRA2	2
ANKRD10	0
ANKRD13A	0
ANKRD26P1	0
ANKRD36B	0
ANKRD36BP1	0
ANKRD40	0
ANKRD44	1
ANKRD45	0
ANKRD54	0
ANLN	0
ANP32B	1
ANXA1	1
ANXA10	0
ANXA11	2
ANXA4	0
AP1G1	7
AP1G2	1
AP1M1	1
AP1M2	0
AP1S2	0
AP1S3	0
AP2B1	8
AP2S1	0
AP3M1	0
AP4B1	2
AP4M1	1
AP5B1	0
APEH	0
APIP	1
APITD1	2
APLF	2
APLN	0
APOA1	5
APOA2	0
APOBEC3C	0
APOD	0
APOL1	0
APOL4	0
APOL6	0
APPBP2	1
APPL1	12
APPL2	1
APTX	3
AQP1	0
AQP5	1
AQP9	0
AQPEP	0
ARAF	11
AREG	1
ARF4	2
ARFGAP1	1
ARFIP2	9
ARHGAP12	0
ARHGAP17	2
ARHGAP21	2
ARHGAP22	1
ARHGAP26	1
ARHGAP32	6
ARHGAP35	1
ARHGAP44	0
ARHGAP9	2
ARHGDIA	6
ARHGDIG	0
ARHGEF1	1
ARHGEF15	0
ARHGEF16	0
ARHGEF2	0
ARHGEF3	0
ARHGEF39	0
ARHGEF40	0
ARHGEF5	1
ARHGEF7	12
ARID3A	2
ARID5A	2
ARIH2	5
ARL14EP	1
ARL16	0
ARL2	3
ARL2BP	1
ARL4A	1
ARL4D	0
ARL6IP1	0
ARL6IP4	1
ARL6IP5	1
ARL8A	0
ARMC1	0
ARMC7	0
ARMC8	2
ARMC9	0
ARMCX1	0
ARMCX5	0
ARNTL	5
ARPC3	4
ARPC4	6
ARPIN	0
ARR3	0
ARRB1	17
ARRB2	13
ARRDC3	3
ARSA	1
ARSI	0
ARSJ	0
ASAP2	5
ASAP3	0
ASB13	0
ASB6	0
ASB7	0
ASB9	3
ASCC1	3
ASCL4	0
ASF1A	8
ASH2L	2
ASL	1
ASMTL	0
ASNA1	0
ASNS	0
ASPA	0
ASPH	0
ASPSCR1	1
ASS1	0
ASTE1	0
ATF2	25
ATF4	25
ATF7	2
ATG12	4
ATG4A	0
ATG5	3
ATG9A	1
ATOX1	2
ATP4B	0
ATP5A1	0
ATP5B	1
ATP5G1	0
ATP5O	0
ATP6V0C	2
ATP6V0E2	0
ATP6V1B2	0
ATP6V1C1	0
ATP6V1C2	0
ATP6V1D	1
ATP6V1E2	0
ATP6V1G1	0
ATPAF2	0
ATRIP	1
ATXN1	44
ATXN7L1	0
AURKAIP1	1
AVPI1	1
AZIN1	0
AZIN2	0
B4GALT7	0
BAAT	0
BABAM1	1
BAD	15
BAG1	10
BAG2	2
BAG3	2
BAG5	1
BAG6	5
BAHD1	0
BAI3	0
BAIAP2	9
BAK1	3
BANP	0
BARD1	21
BARHL2	0
BATF	14
BATF3	14
BAZ2B	1
BBOX1	0
BBS2	5
BBS4	8
BBS5	0
BCAM	0
BCAP31	9
BCAR3	1
BCAS2	5
BCAS3	0
BCCIP	2
BCDIN3D	0
BCL10	8
BCL11A	1
BCL2A1	5
BCL2L1	31
BCL2L11	8
BCL2L13	0
BCL2L15	0
BCL2L2	9
BCL6	12
BCL6B	1
BCL7A	0
BCL7B	0
BCOR	5
BDH2	0
BEGAIN	0
BEND3	0
BEND5	0
BEND7	0
BET1	0
BEX1	0
BEX2	0
BEX5	0
BFSP1	0
BFSP2	0
BHLHE40	2
BHMT	1
BID	6
BIK	4
BIRC2	13
BIRC7	6
BIRC8	0
BLCAP	1
BLK	0
BLMH	5
BLOC1S2	6
BLOC1S5	2
BLOC1S6	6
BLVRA	0
BLZF1	1
BMF	2
BMI1	7
BMP7	3
BMS1P5	0
BMX	3
BNIP2	6
BNIP3	7
BNIP3L	5
BOLA1	0
BOLL	1
BPIFA1	0
BPIFA2	0
BRD8	3
BRD9	0
BRICD5	0
BRK1	1
BRMS1	5
BRMS1L	0
BSCL2	0
BSND	0
BTAF1	1
BTC	1
BTF3	3
BTF3L4	0
BTG1	5
BTG2	4
BTN2A2	0
BTRC	10
BUB1	3
BUB3	3
BUD13	2
BUD31	0
BYSL	1
C10orf12	0
C10orf35	0
C10orf62	0
C10orf88	0
C11orf30	4
C11orf49	0
C11orf54	0
C11orf57	0
C11orf65	0
C11orf68	0
C11orf87	0
C12orf10	0
C12orf40	0
C12orf49	0
C12orf50	0
C12orf75	0
C14orf105	0
C14orf159	0
C14orf166	2
C14orf182	0
C14orf93	0
C16orf45	0
C16orf59	0
C16orf70	1
C16orf72	0
C16orf74	0
C16orf87	0
C17orf59	0
C17orf62	1
C17orf67	0
C17orf70	2
C17orf82	0
C18orf25	0
C18orf54	0
C19orf10	0
C19orf25	0
C19orf44	0
C19orf47	0
C19orf57	1
C19orf66	0
C19orf73	0
C1D	4
C1QTNF1	1
C1QTNF2	0
C1QTNF6	0
C1QTNF9B-AS1	0
C1orf105	0
C1orf109	0
C1orf111	0
C1orf116	0
C1orf174	0
C1orf189	0
C1orf21	0
C1orf216	0
C1orf35	0
C1orf50	0
C1orf94	2
C20orf195	0
C21orf2	0
C21orf58	0
C22orf23	0
C22orf39	0
C22orf46	0
C2orf42	0
C2orf50	0
C2orf57	0
C2orf88	0
C3orf52	0
C3orf62	0
C4orf19	0
C4orf26	0
C4orf33	0
C4orf46	0
C5	1
C5orf24	0
C5orf30	0
C5orf55	0
C5orf60	0
C6orf165	0
C6orf226	0
C6orf54	0
C7orf25	0
C7orf31	0
C7orf49	0
C7orf50	1
C8orf33	0
C8orf34	0
C8orf48	0
C9orf106	0
C9orf116	0
C9orf16	0
C9orf171	0
C9orf24	0
C9orf72	0
C9orf9	0
CA1	0
CA6	0
CA8	1
CAB39L	0
CABP5	0
CACFD1	0
CACNA1S	0
CACNG1	0
CADM1	2
CADPS	0
CAGE1	0
CALCOCO1	1
CALCOCO2	6
CALM1	37
CALM2	0
CALM3	0
CALML3	1
CALU	0
CAMK2B	2
CAMK2D	2
CAMLG	3
CAMTA2	0
CAP2	1
CAPG	0
CAPN3	1
CAPN7	0
CAPNS1	1
CAPRIN2	0
CARD10	2
CARD14	1
CARD9	1
CARHSP1	0
CARKD	0
CASK	11
CASP1	1
CASP10	5
CASP14	0
CASP2	2
CASP6	1
CASP7	3
CASP9	7
CATIP	0
CATSPER1	1
CATSPERD	0
CBFA2T2	0
CBLB	6
CBR3	0
CBS	1
CBX2	1
CBX5	21
CBX8	5
CBY1	2
CC2D1B	0
CCAR1	1
CCAR2	2
CCBE1	0
CCBL1	0
CCDC101	0
CCDC102B	0
CCDC103	0
CCDC106	0
CCDC108	0
CCDC110	0
CCDC112	0
CCDC114	0
CCDC116	0
CCDC120	0
CCDC121	0
CCDC130	0
CCDC136	0
CCDC14	0
CCDC146	0
CCDC148	0
CCDC150	0
CCDC151	0
CCDC153	0
CCDC155	0
CCDC158	0
CCDC17	0
CCDC170	0
CCDC172	0
CCDC184	0
CCDC185	0
CCDC22	0
CCDC24	0
CCDC25	0
CCDC26	0
CCDC28A	0
CCDC28B	0
CCDC33	0
CCDC36	0
CCDC42	0
CCDC43	0
CCDC53	0
CCDC57	0
CCDC60	0
CCDC64B	0
CCDC67	0
CCDC68	0
CCDC69	0
CCDC70	0
CCDC85B	1
CCDC85C	0
CCDC87	0
CCDC88C	0
CCDC91	1
CCDC92	1
CCDC93	0
CCDC94	0
CCER1	0
CCHCR1	2
CCKBR	3
CCL28	0
CCL4	2
CCL4L2	0
CCL7	1
CCM2L	0
CCNB1IP1	2
CCNC	1
CCND1	13
CCND2	3
CCND3	15
CCNDBP1	4
CCNG1	2
CCNG2	0
CCNH	5
CCNJL	0
CCNK	2
CCNL1	0
CCNL2	0
CCT2	0
CCT3	0
CCT5	1
CCT7	0
CD151	0
CD160	1
CD164	0
CD177	0
CD209	1
CD2BP2	10
CD300A	0
CD300LG	0
CD302	0
CD33	0
CD40	6
CD47	1
CD69	0
CD79A	0
CD79B	1
CD99L2	0
CDA	0
CDC16	2
CDC20B	0
CDC23	0
CDC26	1
CDC27	6
CDC34	6
CDC37L1	0
CDC42	35
CDC42EP1	1
CDC42EP2	2
CDC42EP4	0
CDC45	7
CDC5L	18
CDC73	3
CDCA3	1
CDCA7L	1
CDCP1	0
CDH15	2
CDIP1	0
CDIPT	0
CDK1	8
CDK16	4
CDK18	0
CDK2AP1	1
CDK2AP2	1
CDK4	15
CDK5	10
CDK5R1	8
CDK5RAP3	3
CDK6	12
CDK8	1
CDKAL1	0
CDKL3	0
CDKN1A	31
CDKN1B	11
CDKN2B	2
CDKN2C	2
CDKN2D	1
CDPF1	0
CDR1	0
CDR2	2
CDRT4	0
CDSN	0
CDX4	0
CEBPG	13
CELA2B	0
CENPH	1
CENPK	1
CENPL	0
CENPO	0
CENPP	0
CENPU	2
CEP170P1	0
CEP19	0
CEP290	1
CEP44	0
CEP55	5
CEP57	1
CEP57L1	0
CEP63	1
CEP68	0
CEP70	1
CEP72	1
CEP76	0
CEP83	0
CEP95	0
CERCAM	0
CERK	0
CETN1	0
CETN2	3
CETN3	1
CFAP53	0
CFAP58	0
CFL1	3
CFL2	0
CFLAR	5
CGGBP1	0
CHAF1A	11
CHCHD2	0
CHCHD3	1
CHD2	0
CHDH	0
CHIC2	0
CHMP1B	7
CHMP2A	5
CHMP3	5
CHMP4A	3
CHMP4C	2
CHMP5	3
CHN1	0
CHRAC1	0
CHRD	1
CHRNG	0
CHTOP	0
CIAO1	1
CIAPIN1	0
CIART	0
CIB3	0
CINP	1
CIPC	0
CIR1	6
CIRBP	1
CKB	0
CKM	2
CKS1B	4
CLASP1	0
CLASRP	1
CLC	0
CLCN1	0
CLDN2	0
CLDN7	0
CLDN8	0
CLEC18A	0
CLEC7A	0
CLHC1	0
CLIC3	0
CLIP4	0
CLK1	1
CLK2	1
CLK3	0
CLK4	2
CLNS1A	6
CLPB	0
CLUAP1	1
CMTM3	0
CMTM5	0
CMTM6	0
CNKSR1	4
CNKSR3	0
CNNM3	0
CNOT7	7
CNOT8	5
CNST	2
CNTF	0
CNTNAP2	0
CNTROB	0
COA5	0
COASY	1
COG2	0
COG7	0
COG8	0
COIL	7
COL10A1	0
COL1A2	0
COL20A1	0
COL23A1	0
COL24A1	0
COL4A3BP	0
COL8A1	0
COL8A2	0
COLGALT2	0
COMMD1	9
COMMD6	1
COMP	0
COMT	0
COMTD1	0
COPE	5
COPS4	8
COPS7B	0
COPS8	4
CORO1A	1
CORO2B	0
CORO6	0
COTL1	1
COX17	2
COX4I1	0
COX5A	0
COX5B	1
COX6B2	0
COX8A	0
CPNE2	1
CPNE6	0
CPNE7	0
CPSF1	0
CPSF4	0
CPSF6	6
CPSF7	2
CPT1B	0
CRABP2	1
CRACR2A	1
CRACR2B	0
CRADD	2
CRB3	0
CRBN	2
CRCP	0
CRCT1	0
CREB3L1	3
CREB5	2
CREBZF	5
CRH	1
CRK	20
CRLF3	0
CRMP1	3
CROCCP2	0
CRP	1
CRTAC1	0
CRX	3
CRY2	1
CRYAA	8
CRYAB	13
CRYBA1	3
CRYBA4	0
CRYBB1	1
CRYBB3	0
CRYGA	0
CSDC2	0
CSDE1	0
CSF1	2
CSF2	4
CSF2RA	3
CSGALNACT2	0
CSN2	0
CSN3	2
CSNK1D	3
CSNK1E	12
CSNK1G1	0
CSNK1G2	1
CSNK1G2-AS1	0
CSNK2A1	13
CSNK2A2	10
CSPP1	0
CSRNP1	1
CSRNP2	1
CSRP2	1
CSRP2BP	0
CST1	0
CST2	0
CST9L	0
CSTF2	1
CSTF2T	0
CT45A3	0
CT45A5	0
CT55	0
CTAG1B	1
CTAG2	0
CTAGE5	0
CTBP1	21
CTBP1-AS2	0
CTBP2	21
CTC1	2
CTCF	2
CTDSP1	1
CTDSP2	1
CTF1	0
CTH	0
CTNNAL1	1
CTNNBIP1	2
CTNNBL1	3
CTNND1	4
CTPS1	0
CTPS2	0
CTRC	0
CTSG	0
CTSL	0
CTSZ	0
CTTNBP2NL	0
CUL3	15
CUL5	5
CUTA	1
CUTC	0
CWF19L2	0
CXCL11	0
CXCL14	0
CXCL16	0
CXCL5	0
CXCL9	0
CXXC1	0
CXorf56	0
CXorf57	0
CYB561	0
CYB561A3	0
CYB5R1	0
CYB5R2	0
CYBA	1
CYBRD1	1
CYCS	0
CYGB	1
CYHR1	0
CYP1A1	0
CYP2S1	0
CYTH2	7
CYTH3	1
CYTH4	1
DAAM2	0
DAB1	5
DACH1	2
DAK	0
DALRD3	0
DAO	0
DAPK2	0
DARS	2
DAXX	42
DAZAP2	4
DBF4B	0
DBNL	3
DCAF8	1
DCANP1	0
DCD	0
DCDC2	0
DCDC2B	0
DCP1A	4
DCP1B	2
DCTD	0
DCTN2	2
DCTN4	1
DCTN5	0
DCTPP1	0
DCUN1D1	2
DCUN1D5	0
DCX	2
DCXR	1
DDA1	0
DDAH2	0
DDI1	0
DDIT3	18
DDIT4L	0
DDX17	8
DDX19A	0
DDX19B	2
DDX21	1
DDX39A	2
DDX41	1
DDX43	0
DDX55	0
DDX6	3
DEDD2	1
DEF6	0
DEFA6	0
DEFB121	0
DEFB127	0
DENND2D	0
DEPTOR	0
DERL1	0
DERL2	0
DES	6
DGCR6L	0
DGCR8	1
DHFR	2
DHPS	0
DHRS1	0
DHRS2	0
DHX15	4
DHX32	0
DHX37	0
DHX57	0
DIABLO	6
DIEXF	0
DIP2A	2
DISP1	0
DKK1	1
DLGAP2	1
DLGAP5	0
DLX2	1
DLX6-AS1	0
DMC1	2
DMD	2
DMRT3	0
DMRTB1	0
DMTN	0
DNAJA3	2
DNAJA4	0
DNAJC10	0
DNAJC15	0
DNAJC27	0
DNAJC4	0
DNAJC5B	0
DNAL4	0
DNALI1	0
DNMT3A	8
DNMT3L	2
DNPEP	0
DNPH1	0
DNTT	4
DNTTIP1	2
DOCK10	0
DOCK2	1
DOCK8	0
DOK3	0
DOK6	0
DOLK	0
DPCD	0
DPEP1	0
DPF2	0
DPH1	0
DPH2	0
DPH3	1
DPM1	0
DPP3	0
DPPA4	0
DPY30	2
DPYD	0
DPYSL2	1
DPYSL3	0
DPYSL4	0
DPYSL5	0
DR1	1
DRAM1	0
DRAP1	3
DRC7	0
DRG1	0
DRG2	0
DRICH1	0
DSCR8	0
DSTN	0
DTNB	1
DTNBP1	4
DTX2	0
DTX3	0
DTX3L	4
DUSP12	0
DUSP13	0
DUSP14	1
DUSP19	0
DUSP21	0
DUSP23	0
DUSP26	1
DVL1	10
DVL3	3
DYDC1	0
DYNC1I2	0
DYNC1LI1	1
DYNLL1	18
DYNLL2	2
DYNLRB1	0
DYNLT3	1
DYRK2	1
DYRK4	1
DYX1C1	0
DZIP1L	0
DZIP3	3
E2F6	1
E2F8	0
E4F1	5
EAF1	0
EAF2	1
EBF1	0
EBNA1BP2	1
ECE1	0
ECE2	0
ECH1	3
EDA	0
EDARADD	1
EDC3	2
EDDM3B	0
EDF1	2
EDRF1	0
EEF1A2	0
EEF1B2	1
EEF1D	7
EEF1DP3	0
EEF1E1	0
EEF1G	6
EFCAB12	0
EFEMP1	0
EFEMP2	6
EFHC1	0
EFHC2	0
EFNA3	0
EFS	2
EGFL8	0
EGLN3	3
EHHADH	0
EHMT2	2
EIF1AD	0
EIF1B	0
EIF2B1	0
EIF2B2	1
EIF2B4	0
EIF3A	7
EIF3D	2
EIF3E	7
EIF3G	7
EIF3H	2
EIF3K	1
EIF3L	0
EIF4A2	0
EIF4A3	3
EIF4E	6
EIF4E2	4
EIF4EBP1	3
EIF4EBP2	1
EIF4EBP3	1
EIF4ENIF1	2
EIF4H	1
EIF5	1
EIF5A	1
EIF5A2	0
EIF5B	2
ELAVL1	3
ELMO1	0
ELMOD3	0
ELOVL7	0
EMC2	0
EMC8	0
EMC9	0
EMD	5
EMG1	0
EMILIN1	1
EML2	0
EMP1	0
EMP3	0
ENKD1	0
ENO2	0
ENOX1	0
ENOX2	0
ENTPD3	0
ENTPD5	0
EP400	0
EP400NL	0
EPB41	5
EPB41L3	6
EPC1	2
EPHA10	0
EPHB6	0
EPM2AIP1	1
EPN1	2
EPS15L1	3
EPS8	9
EPT1	0
ERAL1	0
ERCC1	4
ERCC2	2
ERCC3	2
ERCC6L	1
ERCC6L2	0
ERH	0
ERICH2	0
ERLIN1	0
ERO1L	0
ERP27	0
ESD	0
ESR2	17
ESRP1	0
ESRRG	7
ETF1	3
ETNK1	0
ETV6	6
EVA1B	0
EVL	3
EWSR1	5
EXD1	0
EXD3	0
EXOC5	1
EXOC7	6
EXOC8	2
EXOSC1	5
EXOSC5	5
EXOSC8	6
EZH2	5
F11R	4
FA2H	0
FAAH	0
FABP1	0
FABP2	0
FABP3	1
FAH	0
FAIM	0
FAM101A	0
FAM102A	0
FAM103A1	0
FAM104A	0
FAM107A	0
FAM110A	1
FAM111B	1
FAM114A1	0
FAM115A	0
FAM117B	0
FAM118A	0
FAM118B	0
FAM120C	0
FAM124A	0
FAM124B	0
FAM126B	0
FAM127A	0
FAM127B	0
FAM127C	0
FAM129A	0
FAM131C	0
FAM133A	0
FAM134C	0
FAM13C	0
FAM151B	0
FAM153C	0
FAM154A	1
FAM156A	0
FAM160A2	0
FAM161A	0
FAM167A	0
FAM168A	0
FAM171A2	0
FAM184A	0
FAM188A	1
FAM189A2	0
FAM189B	1
FAM192A	1
FAM193B	0
FAM19A1	0
FAM19A4	0
FAM200A	0
FAM206A	0
FAM207A	0
FAM208B	0
FAM212A	0
FAM214A	0
FAM214B	0
FAM218A	0
FAM27E3	1
FAM3A	0
FAM3C	0
FAM46B	1
FAM46C	0
FAM46D	0
FAM49B	0
FAM50B	0
FAM53C	0
FAM63A	0
FAM64A	1
FAM65B	0
FAM69B	0
FAM71C	0
FAM71E2	0
FAM72A	0
FAM74A1	0
FAM74A4	0
FAM76B	0
FAM81B	0
FAM83A	0
FAM84B	0
FAM86A	0
FAM86C1	0
FAM90A1	0
FAM92A1	0
FAM96A	0
FAM96B	1
FAM98A	0
FAM9B	0
FAM9C	0
FANCL	5
FANCM	2
FARS2	0
FARSA	2
FASLG	11
FASTK	0
FASTKD3	0
FASTKD5	0
FATE1	0
FAXC	0
FBF1	0
FBLIM1	3
FBP1	2
FBP2	0
FBXL12	2
FBXL18	0
FBXL5	2
FBXL8	1
FBXO11	0
FBXO17	1
FBXO2	1
FBXO28	0
FBXO34	0
FBXO44	1
FBXO7	3
FBXW5	2
FCER2	1
FCGR2A	0
FCHO1	0
FCHSD2	2
FCRL2	0
FDX1L	0
FDXACB1	0
FEM1C	0
FERD3L	0
FGD2	0
FGF12	2
FGFR1OP	0
FGFR1OP2	0
FH	0
FHIT	5
FHL2	26
FHL3	7
FIBCD1	0
FIGNL1	0
FIP1L1	0
FIS1	1
FKBP1A	7
FKBP1B	1
FKBP2	3
FKBP6	0
FKBP7	0
FKBPL	0
FLAD1	1
FLI1	3
FLJ32679	0
FLJ38668	0
FLNA	26
FMNL1	1
FMNL2	0
FMR1	8
FN1	14
FNDC3B	0
FOS	22
FOSL1	8
FOSL2	2
FOXB1	0
FOXC2	0
FOXD4L6	0
FOXJ2	0
FOXO4	0
FOXP2	3
FOXP3	1
FOXR1	0
FOXR2	0
FRA10AC1	4
FRG1	1
FRG1B	0
FRK	0
FRMD6	0
FRMD8	1
FRMPD1	0
FRS3	2
FSD2	0
FSTL1	5
FTCD	0
FTH1	2
FTL	3
FUBP3	0
FUCA2	0
FUNDC1	0
FUNDC2	1
FUT11	0
FXR2	4
FXYD6	0
FXYD7	0
FYN	28
FZD9	0
G2E3	0
G3BP2	0
G6PD	1
GAB1	10
GAB2	6
GABARAPL1	3
GABARAPL2	10
GABPB1	3
GABPB2	1
GABRD	0
GAD1	0
GAD2	0
GADD45G	15
GAGE1	0
GAGE12B	0
GAGE12I	0
GAGE2E	0
GAGE5	0
GAL	0
GAL3ST2	0
GALE	1
GALNT2	1
GALNT3	0
GALT	0
GAREM	1
GAS7	0
GATA1	6
GATA2	5
GATA3	0
GATAD2A	2
GATAD2B	2
GATC	0
GATSL3	0
GCA	2
GCC1	0
GCM2	0
GCSAM	0
GCSH	0
GDAP2	0
GDI1	1
GDNF	1
GDPD5	0
GEM	1
GEMIN6	1
GEMIN7	1
GEMIN8P4	0
GET4	0
GFAP	1
GFER	3
GFM2	0
GFOD1	0
GGA1	16
GGA2	6
GGACT	0
GGN	1
GGPS1	0
GGT7	0
GHRL	0
GIMAP5	0
GIMAP6	0
GINS2	3
GINS4	3
GIP	1
GIPC2	0
GKAP1	0
GLI1	1
GLIDR	0
GLIPR2	0
GLP1R	1
GLRX3	1
GLTP	1
GLUL	1
GLYAT	0
GLYCTK	0
GLYR1	0
GMCL1	1
GMCL1P1	0
GMDS	0
GMNN	5
GMPPA	0
GMPPB	0
GMPR	0
GMPR2	0
GNA14	0
GNAI1	7
GNAI2	5
GNAI3	10
GNAZ	3
GNB2L1	27
GNE	0
GNG10	0
GNG11	0
GNG12	0
GNG4	5
GNG5	4
GNGT1	2
GNL3L	0
GNMT	1
GNPDA1	0
GNPDA2	0
GNPNAT1	0
GNPTAB	0
GOLGA1	1
GOLGA2	8
GOLGA2P10	0
GOLGA2P11	0
GOLGA6L2	0
GOLGA8DP	0
GOLGA8EP	0
GOLGA8F	0
GOLGA8G	0
GOLPH3	0
GOLPH3L	1
GOPC	7
GORASP1	4
GORASP2	5
GOSR2	1
GP9	0
GPANK1	0
GPATCH11	0
GPATCH2L	0
GPATCH4	0
GPBP1	0
GPKOW	8
GPR128	0
GPR25	0
GPR50	3
GPRASP2	1
GPRIN2	0
GPS2	5
GPSM1	0
GPSM3	0
GPX3	0
GPX7	0
GRAMD1A	0
GRAMD1C	0
GRAMD3	0
GRAP	0
GRAP2	9
GRB2	91
GRB7	8
GRHL2	1
GRM2	1
GRN	7
GSDMD	0
GSE1	0
GSG1	0
GSG1L	0
GSS	0
GSTA2	0
GSTA4	0
GSTK1	1
GSTM3	0
GSTM4	1
GSTM5	0
GSTO2	0
GSTP1	2
GSTZ1	0
GTF2A1	2
GTF2A1L	0
GTF2A2	2
GTF2B	4
GTF2H2C_2	0
GTF2H3	0
GTF2IRD2	0
GTF3C1	0
GTF3C5	0
GTPBP10	0
GTPBP3	0
GUCD1	0
GYG1	2
GYPA	1
GYPB	0
GYS1	1
H2AFY	2
H3F3B	0
H3F3C	0
HAAO	0
HACL1	0
HAND2	2
HARS2	0
HAT1	1
HAUS1	0
HAUS3	0
HBA2	0
HBD	1
HBG1	0
HBQ1	0
HBS1L	0
HBZ	1
HCK	8
HCLS1	2
HDAC4	15
HDAC7	6
HDC	0
HDDC3	0
HDHD2	0
HEATR1	0
HEBP2	0
HEMK1	0
HENMT1	0
HEXIM2	0
HEY2	2
HEYL	1
HGD	1
HGF	2
HGS	15
HHEX	3
HHIPL2	0
HHLA3	0
HID1	1
HIF1A	18
HILPDA	0
HIP1	4
HIPK1	4
HIPK4	0
HIST1H2AK	0
HIST1H2BC	0
HIST1H3A	32
HIST1H3H	0
HIST1H4G	0
HIST1H4L	0
HIST3H2A	0
HIST4H4	0
HK2	3
HLA-DOA	2
HLA-DPB1	0
HM13	0
HMBOX1	0
HMG20A	1
HMG20B	1
HMGB1	1
HMGB2	1
HMGB3	0
HMGB3P1	0
HMGB4	0
HMMR	1
HMOX1	1
HNRNPC	3
HNRNPF	0
HNRNPH2	0
HNRNPK	14
HNRNPLL	0
HNRNPM	3
HNRNPR	0
HNRNPUL1	3
HOMER1	0
HOMER2	1
HOMER3	3
HOMEZ	0
HOOK1	3
HOOK2	3
HOPX	1
HOXA1	25
HOXA3	0
HOXB5	0
HOXB6	0
HOXB7	3
HOXB9	2
HOXC4	1
HOXC9	0
HOXD12	0
HP1BP3	0
HPCAL1	1
HPCAL4	0
HPGDS	1
HPRT1	1
HRASLS5	0
HRSP12	0
HSBP1	2
HSCB	0
HSD17B12	0
HSD17B14	0
HSD3B7	0
HSF2	5
HSFY1	0
HSN2	0
HSP90AB1	88
HSPA12B	0
HSPA13	0
HSPA2	0
HSPA4	7
HSPA8	12
HSPA9	5
HSPB11	0
HSPB7	1
HSPB8	6
HSPBAP1	0
HSPBP1	1
HSPD1	6
HTR1B	0
HTR1E	0
HYAL2	0
HYAL3	0
HYI	0
HYKK	0
HYLS1	0
HYPK	0
HYPM	1
ICA1	0
ICA1L	0
ICAM4	0
ID3	5
IFI30	0
IFIT1	1
IFIT2	0
IFIT3	4
IFNA4	0
IFT20	0
IFT27	0
IFT43	0
IGF1R	20
IGF2	7
IGF2BP3	0
IGFN1	1
IGHG1	7
IGHV4-31	0
IGL	0
IGLC1	0
IGLV2-14	0
IGLV3-25	0
IGSF8	0
IK	11
IKBIP	0
IKZF1	5
IKZF2	1
IKZF3	5
IKZF5	3
IL11	0
IL17A	1
IL17F	0
IL1RL1	0
IL23A	1
IL23R	0
IL2RG	5
IL36RN	0
IL6ST	4
ILF2	0
ILF3	6
ILK	11
ILVBL	0
IMP3	0
IMP4	0
IMPA1	1
IMPA2	0
IMPDH2	1
INCA1	2
ING3	0
ING4	7
ING5	0
INHA	0
INIP	0
INMT	0
INO80B	1
INO80E	0
INPP5D	4
INPP5J	0
INPP5K	1
INS	3
INSIG2	0
INSR	17
INTS3	0
INTS4	0
IP6K2	0
IPO11	3
IPO13	4
IQCE	0
IQCF2	0
IQGAP1	6
IQGAP3	0
IQUB	0
IRAK1BP1	1
IRAK4	5
ISCA2	0
ISCU	0
ISG15	1
ISL1	0
ISOC1	0
ISOC2	0
IST1	3
ISYNA1	0
ITGB1BP1	5
ITGB2	9
ITGB3BP	5
ITGB5	4
ITM2A	0
ITM2B	0
ITPA	0
ITPKB	0
ITPRIPL1	0
IWS1	0
IYD	0
JADE1	2
JADE2	1
JADE3	0
JAGN1	0
JAKMIP2	0
JMJD6	0
JMJD7	0
JMY	1
JOSD1	0
JUNB	14
JUP	7
KANK2	1
KANSL1	0
KARS	3
KAT5	20
KATNAL1	0
KATNBL1	0
KAZN	1
KBTBD7	2
KCNA2	3
KCNAB2	0
KCNE1	1
KCNH1	2
KCNIP3	3
KCNJ10	1
KCNK1	2
KCNK16	0
KCNRG	1
KCNS2	0
KCTD1	1
KCTD13	3
KCTD14	0
KCTD15	0
KCTD17	0
KCTD19	0
KCTD4	0
KCTD6	1
KCTD9	0
KDM1A	3
KEAP1	6
KHDRBS2	0
KHDRBS3	4
KHK	0
KIAA0040	0
KIAA0100	0
KIAA0141	0
KIAA0247	0
KIAA0319L	1
KIAA0368	5
KIAA0408	1
KIAA0753	0
KIAA0907	1
KIAA1143	0
KIAA1147	0
KIAA1217	0
KIAA1598	1
KIAA1683	0
KIAA1958	0
KIF13A	1
KIF1B	5
KIF20A	2
KIF24	0
KIF26B	0
KIF2A	0
KIF5B	4
KIF9	0
KIFAP3	3
KIFC3	0
KIR2DL4	1
KIR3DX1	0
KIRREL2	0
KIRREL3-AS3	0
KIZ	0
KLC1	1
KLC3	1
KLC4	0
KLF11	0
KLF12	0
KLF15	0
KLF17	0
KLF3	2
KLHDC4	0
KLHL12	2
KLHL18	0
KLHL2	2
KLHL3	1
KLHL32	0
KLHL35	0
KLHL38	1
KLHL40	0
KLHL41	2
KLHL42	1
KLHL6	0
KLK15	0
KLK4	0
KLK8	0
KLRC1	1
KLRG1	0
KPNA1	3
KPNA2	15
KPNA3	0
KPNA4	2
KPNA5	0
KPNA6	0
KRAS	3
KRT13	0
KRT15	0
KRT17	0
KRT18	15
KRT19	1
KRT2	0
KRT20	0
KRT31	0
KRT33B	0
KRT38	0
KRT4	0
KRT40	0
KRT5	2
KRT6A	0
KRT6B	0
KRT6C	0
KRT71	0
KRT72	0
KRT73	0
KRT77	0
KRT79	0
KRT8	5
KRT80	0
KRT81	1
KRT83	0
KRT86	0
KRT8P12	0
KRTAP10-1	0
KRTAP10-11	0
KRTAP10-3	0
KRTAP10-4	0
KRTAP10-5	0
KRTAP10-7	0
KRTAP10-8	0
KRTAP10-9	0
KRTAP11-1	0
KRTAP12-1	0
KRTAP12-2	0
KRTAP12-4	0
KRTAP13-1	0
KRTAP13-3	0
KRTAP19-5	0
KRTAP19-7	0
KRTAP2-4	0
KRTAP23-1	0
KRTAP26-1	0
KRTAP3-1	0
KRTAP3-2	0
KRTAP3-3	0
KRTAP4-11	0
KRTAP4-12	1
KRTAP4-2	0
KRTAP4-7	0
KRTAP5-6	0
KRTAP5-9	1
KRTAP8-1	0
KRTAP9-2	0
KRTAP9-4	0
KTI12	0
KTN1	3
KXD1	0
L3MBTL2	1
L3MBTL3	0
L3MBTL4	0
LACE1	0
LACTB2	0
LAGE3	0
LAIR2	0
LAMTOR2	1
LAMTOR3	3
LAMTOR4	1
LAMTOR5	2
LANCL2	0
LAPTM4B	0
LAPTM5	2
LARP1	0
LARP1B	0
LARP4	0
LARP4B	1
LASP1	2
LAT	2
LATS1	4
LAX1	0
LCA5	0
LCA5L	0
LCE1B	0
LCE2A	0
LCE2D	0
LCE3C	0
LCE3E	0
LCE4A	0
LCK	10
LCLAT1	0
LCOR	4
LCORL	0
LCP2	7
LDB1	2
LDHA	3
LDHB	2
LDLRAD1	0
LDLRAP1	1
LDOC1	3
LENG1	0
LENG8	0
LEO1	0
LEPROTL1	0
LETM1	0
LGALS13	1
LGALS14	0
LGALS2	2
LGALS3	3
LGALS8	3
LGALS9B	0
LGALS9C	0
LGALSL	0
LHFPL5	0
LHX4	0
LHX6	0
LHX8	0
LHX9	0
LIG4	28
LIMD2	0
LIMS1	5
LIMS2	1
LIMS3	0
LIN37	0
LIN7A	0
LINC00152	0
LINC00238	0
LINC00242	0
LINC00482	0
LINC00518	0
LINC00521	0
LINC00526	0
LINC00588	0
LINC00636	0
LINC00656	0
LINC00671	0
LINC00908	0
LINC01018	0
LINC01547	0
LINGO1	0
LITAF	3
LMF2	0
LMNA	17
LMO1	1
LMO2	8
LMO3	0
LMO4	5
LMX1B	0
LNPEP	1
LNX1	15
LNX2	2
LOC100288778	0
LOC113386	0
LOC142937	0
LOC148413	0
LOC149950	0
LOC153684	0
LOC155060	0
LOC285733	0
LOC339047	0
LOC727751	0
LOC729603	0
LOC730441	0
LOH12CR1	0
LONRF1	0
LONRF3	1
LOXL4	0
LPAL2	0
LPHN1	2
LPXN	2
LRCH1	0
LRCH3	0
LRCH4	0
LRFN4	0
LRR1	1
LRRC20	0
LRRC29	0
LRRC37A11P	0
LRRC45	0
LRRC7	4
LRRC75A-AS1	0
LRRFIP1	1
LRRFIP2	1
LRRIQ3	0
LRSAM1	2
LSM1	1
LSM2	7
LSM3	4
LSM4	3
LSM5	3
LSM6	3
LSM7	8
LSMEM1	0
LSMEM2	0
LSP1P3	0
LTV1	0
LUC7L2	2
LURAP1	0
LUZP4	0
LXN	0
LY6H	0
LYAR	0
LYPLA1	0
LYRM2	0
LYSMD1	0
LYVE1	0
LZTFL1	2
LZTR1	0
LZTS2	2
M1AP	0
MAB21L1	0
MAB21L2	0
MAB21L3	0
MAD1L1	2
MAD2L1	9
MAD2L1BP	1
MAD2L2	12
MAGEA1	1
MAGEA11	3
MAGEA12	0
MAGEA2B	0
MAGEA4	2
MAGEA6	0
MAGEA8	0
MAGEA9	0
MAGEB18	0
MAGEB2	0
MAGEB4	0
MAGEB6	1
MAGEC2	1
MAGED1	7
MAGEF1	0
MAGEH1	0
MAGOH	2
MAGOHB	0
MAL	2
MAL2	1
MALL	0
MALSU1	0
MANBAL	0
MAP1LC3A	2
MAP1LC3B	5
MAP1S	3
MAP2K1	7
MAP2K2	8
MAP3K14	5
MAP3K3	4
MAP3K7CL	0
MAPK10	10
MAPK12	1
MAPK1IP1L	0
MAPK6	1
MAPK7	8
MAPK9	7
MAPKAPK5	2
MAPKBP1	0
MAPRE1	7
MAPRE2	1
MAPRE3	1
MARCH10	0
MARCH2	0
MARCH5	0
MARK4	1
MAT1A	0
MAT2A	0
MAT2B	0
MATN3	0
MATR3	0
MAVS	4
MAX	16
MBD3	7
MBIP	1
MBNL1	0
MBNL3	0
MBP	2
MCEE	0
MCM10	17
MCM2	19
MCM5	7
MCM6	11
MCM7	22
MCMBP	0
MCRS1	4
MDFI	4
MDM4	5
MEAF6	0
MED18	0
MED20	0
MED21	2
MED28	24
MED30	1
MED4	0
MED7	0
MED8	2
MEF2BNB	0
MEIS2	2
MEMO1	0
MEOX1	2
MEOX2	3
METTL1	0
METTL13	0
METTL15	0
METTL17	0
METTL21A	0
METTL21C	0
MFAP1	2
MFI2	0
MFSD5	0
MGAT5B	1
MGC24125	0
MGC34796	0
MGRN1	2
MGST3	0
MIA3	0
MICALL2	0
MID1	14
MID1IP1	1
MID2	9
MIEF1	0
MIEF2	0
MIEN1	0
MIER1	0
MIF	5
MIF4GD	1
MIIP	0
MINA	0
MIOX	0
MIPOL1	0
MIR4435-1HG	0
MIS12	0
MIS18A	0
MITD1	1
MKRN2	0
MKRN3	1
MLH1	17
MLLT6	3
MLX	6
MMAB	0
MMP14	2
MMP3	2
MMS19	3
MNS1	0
MOAP1	1
MOB1A	0
MOB1B	0
MOB3C	0
MOBP	0
MOCOS	0
MORF4L1	4
MORF4L2	1
MORN2	0
MORN3	0
MORN4	0
MOS	1
MOXD1	0
MPG	2
MPP1	1
MPP2	0
MPP3	1
MPP5	0
MPPE1	0
MPPED2	0
MPZL1	0
MR1	1
MRFAP1	1
MRFAP1L1	1
MRGBP	1
MRI1	0
MRM1	0
MRPL1	0
MRPL10	0
MRPL11	0
MRPL15	0
MRPL23	0
MRPL27	0
MRPL28	0
MRPL38	0
MRPL4	0
MRPL40	0
MRPL43	0
MRPL44	0
MRPL45	0
MRPL53	0
MRPL9	0
MRPS23	0
MRPS27	0
MRPS6	0
MS4A1	0
MS4A12	0
MSH3	5
MSI2	0
MSMB	0
MSR1	0
MSRB3	0
MT1DP	0
MT1F	0
MT1P3	0
MTA1	4
MTAP	1
MTERF3	0
MTFR1L	0
MTFR2	0
MTG1	1
MTHFD2	0
MTIF3	0
MTMR14	0
MTMR6	0
MTMR7	0
MTMR9	0
MTRR	0
MTUS2	0
MTX2	0
MUL1	3
MUM1	0
MUS81	2
MUTYH	1
MVB12B	0
MVK	0
MVP	3
MX1	2
MX2	0
MXD3	2
MXI1	2
MYBPHL	0
MYD88	20
MYEF2	0
MYH1	0
MYH7	1
MYL6	1
MYL6B	1
MYL7	1
MYLIP	4
MYLK	1
MYO15B	0
MYO5B	2
MYOCD	0
MYOG	5
MYOT	1
MYOZ2	2
MYRIP	0
N4BP2L2	0
NAA10	0
NAA38	0
NAA50	0
NAALADL2	0
NAB2	0
NABP1	0
NADK	0
NADSYN1	0
NAF1	0
NAGK	1
NAIF1	0
NALCN	0
NANOS2	0
NAP1L3	0
NAPB	0
NAPRT	0
NASP	0
NAT9	0
NATD1	0
NAV1	0
NAV2	0
NBL1	1
NBPF22P	0
NBPF3	0
NBR1	6
NCALD	0
NCAPD3	0
NCAPH2	0
NCBP2	2
NCDN	0
NCF2	6
NCK2	13
NCKIPSD	2
NCLN	0
NCOA5	0
NCS1	3
NDC80	7
NDEL1	6
NDOR1	0
NDRG1	0
NDRG4	0
NDUFAF3	0
NDUFAF4	0
NDUFB10	0
NDUFB11	0
NDUFB9	0
NEBL	2
NECAB2	1
NECAP1	0
NEDD4L	16
NEDD9	7
NEFL	3
NEIL2	0
NEK6	0
NEK8	0
NELFA	0
NELFCD	2
NELFE	1
NEU2	0
NEU4	0
NEURL3	0
NEUROG1	0
NEUROG3	0
NFE2	7
NFE2L2	10
NFIL3	3
NFIX	0
NFKBIA	11
NFKBIB	3
NFKBID	0
NFRKB	1
NFU1	2
NFYA	4
NFYB	3
NGB	1
NGDN	0
NGFRAP1	4
NGLY1	0
NHLH1	0
NHLRC2	0
NHP2	2
NID2	1
NIF3L1	1
NIFK	1
NINJ1	0
NINJ2	0
NINL	1
NIP7	1
NIPAL3	0
NIPSNAP3A	1
NKG7	0
NLK	4
NMB	0
NME1	10
NME3	0
NME4	1
NME5	0
NME7	0
NMI	10
NMNAT1	1
NMRK1	0
NMU	0
NMUR2	0
NOC4L	0
NOL12	0
NOL3	1
NOL4	0
NOL4L	0
NOL6	0
NOL9	0
NONO	4
NOP10	0
NOP2	1
NOS1AP	4
NOS3	11
NOTCH2NL	1
NOXA1	2
NPBWR2	0
NPDC1	1
NPEPL1	0
NPL	0
NPM1	10
NPM2	0
NPM3	0
NPPA	1
NPPB	1
NPRL3	0
NQO2	1
NR0B1	6
NR1D2	0
NR1H2	12
NR1H3	8
NR2C2AP	1
NR4A1	14
NR4A2	4
NR5A1	8
NRBF2	1
NRBP1	2
NRBP2	0
NRF1	1
NRG4	0
NRIP1	16
NRIP2	0
NRIP3	0
NRM	0
NRSN1	0
NSFL1C	1
NSG1	0
NSMCE2	0
NT5C1A	0
NT5C2	0
NTF3	1
NTF4	3
NTM	3
NTN4	0
NUB1	4
NUBP2	0
NUCB1	1
NUDCD3	0
NUDT1	0
NUDT10	0
NUDT12	0
NUDT14	0
NUDT16L1	0
NUDT2	0
NUDT21	2
NUDT22	0
NUDT4	0
NUDT9P1	0
NUFIP2	1
NUMA1	4
NUMBL	6
NUP155	2
NUP160	1
NUP35	0
NUP50	1
NUP54	0
NUP62	4
NUP62CL	0
NUPL1	0
NUSAP1	0
NUTF2	2
NUTM1	0
NUTM2F	0
NXF1	7
NXF3	0
NXT1	1
NXT2	0
NYAP2	0
NYNRIN	0
OAS1	0
OAS2	0
OAZ3	1
OBFC1	3
OCLN	2
ODC1	0
ODF1	1
OGT	4
OIP5	1
OIT3	0
OLFM2	0
OLFM3	1
OLFM4	0
OLIG3	0
OPCML	0
OPTN	21
ORC1	8
ORC4	11
ORC5	13
ORC6	11
OSBP2	0
OSBPL2	0
OSGIN1	0
OSR2	0
OSTC	1
OSTCP1	0
OSTF1	4
OTUB1	4
OTUB2	1
OTUD4	0
OTULIN	0
OTX1	0
OXR1	1
OXSR1	1
P2RX4	0
P2RX7	0
P2RY6	0
P4HA2	0
P4HA3	0
P4HB	1
PACRGL	0
PACSIN1	8
PACSIN2	5
PACSIN3	8
PADI3	0
PADI4	0
PAEP	0
PAF1	0
PAFAH1B3	1
PAGE1	0
PAGE2	0
PAGE3	0
PAICS	0
PAK1	13
PAK2	15
PAK6	2
PAK7	1
PAM16	0
PAPD4	0
PAQR5	0
PARD6A	7
PARD6B	5
PARK7	7
PARP11	0
PARP16	0
PARVA	2
PARVG	0
PATE1	0
PATL1	0
PAX4	0
PAXIP1	16
PBK	3
PBLD	0
PBX2	1
PBX3	0
PBX4	0
PBXIP1	1
PCBD1	4
PCBD2	1
PCBP1	11
PCBP2	8
PCDHA4	0
PCDHB14	0
PCED1A	0
PCED1B	0
PCGF2	6
PCGF3	3
PCGF5	2
PCID2	1
PCM1	1
PCMT1	0
PCMTD2	1
PCNA	53
PCSK5	0
PCTP	0
PDCD10	4
PDCD4	5
PDCD6	9
PDCD6IP	16
PDCL	1
PDCL2	0
PDE4C	0
PDE4D	11
PDE4DIP	3
PDE6D	8
PDE6G	0
PDE6H	0
PDE9A	0
PDGFRA	3
PDGFRB	11
PDHX	2
PDIA5	0
PDIK1L	0
PDLIM3	0
PDLIM5	2
PDLIM7	3
PDP1	0
PDZD11	2
PDZD3	2
PDZD4	0
PEF1	1
PEG10	3
PELI1	1
PELO	0
PER1	2
PEX19	11
PEX3	1
PEX5	7
PFDN4	0
PFDN5	4
PFKFB1	1
PFKL	1
PFKM	1
PGAP2	0
PGBD1	0
PGLS	0
PGRMC1	1
PHC1	3
PHC2	7
PHC3	0
PHF1	2
PHF10	0
PHF12	2
PHF20L1	2
PHF21A	1
PHF7	1
PHKB	1
PHOSPHO2	0
PHYH	2
PHYHIPL	0
PHYKPL	0
PI4KAP2	0
PIAS2	14
PID1	2
PIGS	0
PIH1D1	0
PIH1D2	0
PIH1D3	0
PIK3IP1	0
PIK3R2	11
PIK3R3	1
PIKFYVE	1
PIM1	6
PIM2	1
PIN1	14
PIN4	0
PIP4K2B	2
PITPNC1	0
PITPNM1	2
PITX1	1
PKD2	7
PKIG	1
PKM	5
PKN1	10
PKNOX1	2
PKP1	0
PKP2	4
PKP4	3
PLA2G16	1
PLAA	1
PLAC8	0
PLAC9	0
PLCB1	1
PLCB4	0
PLEKHA5	3
PLEKHB1	0
PLEKHB2	0
PLEKHF1	0
PLEKHF2	0
PLEKHG2	0
PLEKHG4	0
PLEKHG6	0
PLEKHH2	0
PLEKHN1	0
PLGRKT	0
PLIN3	4
PLK2	1
PLK3	2
PLK4	0
PLLP	0
PLN	1
PLOD3	0
PLP1	0
PLP2	1
PLSCR1	5
PLSCR3	1
PLSCR4	1
PMF1	1
PMM1	0
PMM2	0
PMP2	0
PMP22	0
PNKD	0
PNKP	4
PNMA1	0
PNMA2	0
PNMA5	0
PNMA6A	0
PNP	0
PNRC2	5
POC5	0
POGZ	2
POLB	4
POLDIP2	3
POLDIP3	1
POLE2	1
POLE3	0
POLE4	0
POLI	4
POLL	0
POLM	0
POLR1A	2
POLR1C	4
POLR1D	1
POLR2J	3
POLR2L	1
POLR3C	2
POLR3GL	1
POM121	0
POM121C	0
POM121L4P	0
POM121L8P	0
POMGNT1	0
POMGNT2	0
POMZP3	0
POP5	0
POP7	1
POT1	4
POU2F1	6
PPAP2C	0
PPAPDC1A	0
PPARD	3
PPCDC	0
PPEF1	1
PPFIA1	6
PPHLN1	1
PPIA	9
PPIB	1
PPIC	0
PPID	1
PPIE	2
PPIF	0
PPIG	2
PPIH	1
PPIL1	2
PPIL2	1
PPIL3	0
PPL	4
PPM1K	0
PPP1CA	60
PPP1CB	9
PPP1CC	40
PPP1R12C	3
PPP1R13B	2
PPP1R16A	0
PPP1R16B	0
PPP1R18	2
PPP1R1B	0
PPP1R2P3	0
PPP1R3C	2
PPP1R7	1
PPP1R8	5
PPP2CA	9
PPP2R1A	10
PPP2R3B	3
PPP2R3C	0
PPP2R4	2
PPP2R5D	4
PPP3CA	10
PPP3CC	1
PPP3R1	4
PPP3R2	0
PQBP1	4
PRADC1	0
PRAM1	2
PRAP1	0
PRB1	0
PRDM10	0
PRDM14	0
PRDM4	0
PRDM7	0
PRDX3	3
PRF1	1
PRICKLE1	0
PRICKLE3	0
PRKAA1	5
PRKAA2	6
PRKAB2	6
PRKACB	6
PRKAG1	5
PRKAR2B	2
PRKCDBP	0
PRKCH	0
PRKCI	10
PRKG1	3
PRKRA	4
PRKRIP1	0
PRKRIR	1
PRM2	0
PRMT1	6
PRMT6	2
PRMT8	0
PRPF3	10
PRPF31	2
PRPF38A	2
PRPF39	0
PRPF40A	13
PRPS1	0
PRPS2	0
PRPSAP1	0
PRR13	0
PRR16	0
PRR19	0
PRR20A	0
PRR22	0
PRR3	0
PRRC1	0
PRRG2	0
PRTFDC1	0
PSG1	0
PSMA1	9
PSMA3	15
PSMA4	6
PSMA6	7
PSMB1	9
PSMB10	3
PSMB2	6
PSMB3	9
PSMB4	9
PSMC1	2
PSMC2	2
PSMC3	8
PSMC4	6
PSMC5	14
PSMC6	0
PSMD10	3
PSMD14	1
PSMD2	1
PSMD3	1
PSMD5	0
PSMD6	2
PSMD7	0
PSMD9	0
PSME1	2
PSME3	2
PSME4	0
PSMF1	3
PSMG2	0
PSPC1	1
PSPH	0
PSTPIP1	7
PTBP1	8
PTBP2	1
PTCD2	0
PTGDS	3
PTGER3	0
PTGES2	0
PTH2R	0
PTK2	18
PTK6	4
PTMA	2
PTMS	0
PTPLB	1
PTPMT1	0
PTPN11	21
PTPN23	6
PTPN3	4
PTPN5	0
PTPN6	13
PTPN7	1
PTPN9	1
PTPRH	1
PTPRN	7
PTRH1	1
PTS	0
PTTG1IP	1
PUF60	6
PUS7L	0
PVR	5
PVRL2	6
PVRL3	6
PWWP2B	0
PXMP2	1
PYCARD	3
PYCRL	0
PYGB	0
PYGL	1
PYGM	0
PYROXD1	0
PYROXD2	0
QARS	3
QDPR	0
QKI	7
QPRT	0
QRICH1	0
R3HCC1L	0
R3HDM2	0
RAB10	0
RAB14	3
RAB17	0
RAB18	0
RAB22A	2
RAB27B	0
RAB29	0
RAB2A	1
RAB2B	0
RAB33A	1
RAB37	0
RAB39A	0
RAB39B	0
RAB3A	5
RAB3IL1	0
RAB3IP	3
RAB41	0
RAB4A	7
RAB4B	0
RAB5C	2
RAB6A	6
RAB7A	2
RABAC1	3
RABGEF1	3
RABGGTB	1
RABIF	2
RABL2A	0
RAC1	24
RACGAP1	4
RAD18	3
RAD21	6
RAD23A	10
RAD23B	4
RAD51AP1	1
RAD51B	6
RAD51D	3
RAD54B	0
RAD54L	1
RAD54L2	1
RADIL	0
RAI1	0
RAI2	0
RALBP1	7
RALYL	0
RAMP3	0
RAN	14
RANBP3	2
RAP1B	3
RAP1GDS1	4
RAP2B	1
RAPGEF3	2
RAPGEF4	1
RARA	33
RARB	3
RARRES3	1
RASAL2	0
RASD1	2
RASGRP3	0
RASSF2	3
RASSF4	2
RASSF5	8
RASSF7	0
RBBP4	3
RBBP5	2
RBBP8	9
RBCK1	7
RBFA	0
RBFOX1	8
RBFOX2	5
RBM10	13
RBM11	0
RBM15	0
RBM15B	0
RBM17	4
RBM22	1
RBM23	2
RBM26	0
RBM3	0
RBM39	7
RBM41	0
RBM42	0
RBM45	0
RBM47	0
RBM4B	0
RBM6	0
RBM8A	3
RBMS1	1
RBMX	2
RBMY1A1	0
RBMY1F	0
RBMY2FP	0
RBP5	0
RBPMS	3
RCBTB2	0
RCHY1	14
RCN3	0
RCOR3	1
RD3	0
RDH12	0
RDM1	0
RECK	0
REEP6	0
REG3A	0
REL	4
RELA	33
RELL2	0
REPS1	2
RET	9
REXO1L6P	0
RFC4	2
RFC5	3
RFESD	0
RFPL3	0
RFT1	0
RFX3	0
RFX6	0
RGL2	2
RGP1	0
RGS17	0
RGS2	3
RGS20	3
RGS3	1
RGS8	0
RHEBL1	0
RHNO1	0
RHOA	19
RHOBTB3	4
RHOC	1
RHOJ	2
RHOQ	9
RHOXF2	3
RHPN1	0
RHPN1-AS1	0
RIBC1	0
RIC8A	7
RIMBP3	0
RIN1	4
RING1	11
RINT1	3
RIPK1	11
RIPK2	1
RIPPLY1	0
RIPPLY2	0
RITA1	1
RMDN2	0
RMND1	0
RMND5A	0
RNASEL	0
RNF111	10
RNF115	4
RNF126	4
RNF128	2
RNF135	1
RNF138	0
RNF14	6
RNF146	0
RNF170	0
RNF175	0
RNF183	0
RNF185	1
RNF20	1
RNF208	0
RNF213	0
RNF214	0
RNF219	0
RNF220	1
RNF24	1
RNF31	3
RNF34	0
RNF40	2
RNF41	1
RNF5	6
RNF7	5
RNF8	8
RNH1	2
RNMTL1	0
RNPS1	12
ROBO3	0
ROCK1	3
ROPN1	1
ROPN1L	0
ROR2	3
RORA	4
RP9P	0
RPA1	11
RPAP1	0
RPE	0
RPF1	0
RPGR	2
RPGRIP1	2
RPH3AL	0
RPIA	0
RPL10A	0
RPL11	2
RPL13	2
RPL13AP17	0
RPL14	1
RPL15	0
RPL23	2
RPL23AP32	0
RPL27A	2
RPL28	0
RPL36AL	0
RPL37A	0
RPL39L	0
RPL9	0
RPLP0	0
RPN1	0
RPP25L	0
RPP30	2
RPRD1A	0
RPRM	0
RPS14	1
RPS15	0
RPS19BP1	1
RPS21	1
RPS25	0
RPS26	0
RPS27A	4
RPS28	0
RPS7	1
RPUSD3	0
RRM1	4
RRM2B	1
RRP7A	0
RRS1	0
RSG1	0
RSL24D1	0
RSPH1	0
RSPH14	0
RSPH3	0
RSPH9	0
RSPO2	0
RSRC2	0
RSRP1	0
RSU1	1
RTN1	2
RTN3	0
RTN4	6
RTN4IP1	1
RTN4RL1	0
RTP2	0
RTP5	0
RUFY1	5
RUFY4	0
RUNDC3A	1
RUNX1T1	9
RUSC1	1
RUSC1-AS1	0
RUVBL1	1
RUVBL2	4
RWDD1	0
RWDD2B	0
RXRB	9
RXRG	5
RYBP	10
S100A1	6
S100A13	0
S100A14	0
S100A16	0
S100A2	2
S100A4	7
S100A6	4
S100B	7
S100P	3
SALL2	1
SAMD3	0
SAMD4A	0
SAMM50	0
SAP18	3
SAP30BP	1
SAP30L	1
SARNP	1
SAT1	0
SAT2	0
SATB1	8
SATB2	0
SBF2	0
SCAF8	0
SCAMP1	2
SCAND1	1
SCARA3	1
SCARB1	0
SCEL	0
SCG2	0
SCG5	0
SCGB1A1	1
SCGB2A2	0
SCMH1	0
SCNM1	1
SCOC	1
SCP2	1
SCRG1	0
SCRN1	0
SCYL3	1
SDC3	1
SDC4	3
SDCBP	16
SDCBP2	0
SDCCAG3	1
SDPR	0
SDSL	0
SEC13	0
SEC14L4	0
SEC16B	0
SEC22A	0
SEC22C	0
SEC23B	0
SEC23IP	0
SEC24A	1
SEC24C	1
SEC24D	0
SEC31A	1
SEC61G	0
SECISBP2	0
SECISBP2L	0
SELM	0
SELPLG	3
SELV	1
SEMA4C	1
SEMA4G	0
SENP2	1
SEPHS1	0
SEPT1	1
SEPT10	0
SEPT12	0
SEPT2	1
SEPT3	0
SEPT5	3
SEPT6	1
SEPT7	1
SEPT9	2
SERBP1	1
SERF2	0
SERP1	2
SERP2	0
SERPINB9	0
SERPINE1	3
SERPINE2	0
SERPINF1	0
SERPINI2	0
SERTAD1	4
SERTAD3	1
SESTD1	0
SET	7
SETBP1	1
SETD5	0
SETDB2	0
SF1	3
SF3A3	2
SF3B2	13
SF3B4	8
SFI1	2
SFMBT1	0
SFN	12
SFR1	0
SFTPC	0
SGCA	0
SGSM1	0
SGTA	8
SGTB	0
SH2D1A	7
SH2D1B	1
SH2D2A	3
SH2D4A	1
SH3BP1	0
SH3D19	2
SH3GL1	8
SH3GL2	14
SH3GLB1	4
SH3GLB2	3
SH3KBP1	25
SH3RF2	2
SH3YL1	1
SHC3	2
SHFM1	4
SHISA3	0
SHMT1	0
SHMT2	0
SHPRH	0
SHQ1	0
SIAH1	38
SIGLEC5	0
SIGLEC6	0
SIK2	0
SIK3	0
SIL1	1
SIPA1L2	0
SIRPA	1
SIRPB1	0
SIX1	3
SKA1	3
SKAP1	3
SKIL	5
SKP1	44
SLAIN1	0
SLC15A3	0
SLC16A3	0
SLC16A9	0
SLC1A1	1
SLC22A23	0
SLC23A1	0
SLC25A10	1
SLC25A18	0
SLC25A23	0
SLC25A46	0
SLC25A48	0
SLC25A6	0
SLC29A2	0
SLC30A2	0
SLC30A3	0
SLC30A8	0
SLC35A2	0
SLC35B4	0
SLC38A1	0
SLC38A7	0
SLC39A13	0
SLC41A2	0
SLC41A3	0
SLC43A2	0
SLC44A3	0
SLC48A1	0
SLC4A1AP	2
SLC52A2	0
SLC5A11	0
SLC6A12	0
SLC6A20	0
SLC7A1	0
SLIRP	0
SLMAP	1
SLMO1	0
SLN	0
SLPI	2
SLU7	3
SLX4	6
SMAD3	51
SMAD4	25
SMAGP	0
SMAP2	0
SMARCA2	4
SMARCC1	2
SMARCD1	2
SMARCD2	1
SMARCE1	5
SMCO3	0
SMCO4	0
SMCP	0
SMG9	0
SMIM2	0
SMIM3	0
SMN2	0
SMOC1	0
SMR3B	0
SMU1	1
SMUG1	0
SMYD1	0
SNAI1	1
SNAI2	0
SNAP23	10
SNAP29	3
SNAP47	0
SNAPC3	0
SNAPC5	0
SNF8	6
SNHG11	0
SNIP1	5
SNRNP25	0
SNRNP27	2
SNRPA	2
SNRPA1	1
SNRPB	4
SNRPB2	2
SNRPC	3
SNRPD1	3
SNRPD2	6
SNRPF	5
SNRPG	2
SNTG2	1
SNW1	20
SNX1	3
SNX10	0
SNX11	0
SNX12	0
SNX15	0
SNX20	1
SNX3	3
SNX31	0
SNX32	0
SNX4	1
SNX5	3
SNX7	1
SOCS3	7
SOD3	0
SORBS2	9
SORBS3	6
SORD	0
SOX14	0
SOX15	0
SOX2	0
SOX30	0
SOX5	1
SOX7	0
SP100	9
SP2	0
SP4	0
SPA17	0
SPACA6P	0
SPAG5	0
SPAG8	1
SPANXA1	0
SPANXC	0
SPANXD	0
SPATA1	0
SPATA2	0
SPATA22	0
SPATA24	0
SPATA3	0
SPATA4	0
SPATA8	0
SPATC1L	0
SPDL1	0
SPDYE2	0
SPEF1	0
SPEG	0
SPERT	0
SPG11	0
SPG21	1
SPG7	0
SPINK2	0
SPON2	0
SPOPL	0
SPP1	3
SPPL2A	0
SPRED2	0
SPRY1	1
SPRY2	2
SPRYD7	0
SPSB3	0
SPZ1	0
SQSTM1	15
SREK1	45
SREK1IP1	0
SRGN	0
SRI	4
SRPK2	11
SRRM1	0
SRSF11	3
SRSF2	4
SRSF6	1
SRSF7	2
SS18	3
SS18L1	0
SSBP3	0
SSC5D	0
SSNA1	0
SSSCA1	0
SSX1	0
SSX2	2
SSX2IP	3
SSX3	0
SSX5	0
ST8SIA5	0
STAC	1
STAC2	0
STAC3	0
STAG3L1	0
STAM2	3
STAMBP	15
STAMBPL1	1
STAP1	0
STAR	1
STARD3	0
STAT1	11
STAT3	26
STAT5A	9
STAU1	2
STBD1	0
STK16	1
STK19	0
STK24	1
STK25	4
STK26	4
STK3	8
STMN1	1
STMN2	3
STOM	0
STOX1	0
STRA13	1
STRBP	0
STRN	0
STUB1	14
STX11	1
STX12	1
STX16	0
STX19	0
STX3	2
STX4	6
STX5	2
STX6	0
STX7	0
STX8	0
STXBP1	1
STXBP4	0
SUB1	2
SUCLA2	0
SUFU	3
SULT1A1	0
SULT1A2	0
SULT1A3	0
SULT1B1	0
SULT1E1	0
SULT2A1	1
SULT2B1	0
SUMO1	0
SUMO1P1	0
SUMO2	0
SUMO3	0
SUN2	3
SUPV3L1	0
SUV39H1	3
SUV39H2	2
SV2B	0
SWAP70	0
SYCE1	0
SYCE3	0
SYF2	1
SYK	12
SYNCRIP	7
SYNDIG1	0
SYNE4	0
SYNGR1	0
SYNGR2	0
SYNJ2BP	5
SYNPR	0
SYNRG	4
SYT11	2
SYT16	0
SYT17	0
SYT4	0
SYT6	0
SYT7	0
SYTL4	2
SYTL5	0
SZT2	0
TAB3	1
TACC1	6
TACC3	3
TADA2A	2
TADA3	6
TAF11	3
TAF12	1
TAF13	3
TAF1A	2
TAF1D	5
TAF6L	1
TAF9	7
TAF9B	1
TAL2	0
TANK	8
TAPBPL	0
TARBP2	6
TARDBP	1
TARS	0
TARSL2	0
TAT	0
TAX1BP1	7
TAX1BP3	2
TBC1D10A	0
TBC1D10C	0
TBC1D15	0
TBC1D16	0
TBC1D19	0
TBC1D22B	0
TBC1D23	0
TBC1D27	0
TBC1D5	2
TBC1D7	1
TBC1D9B	0
TBCEL	0
TBL1XR1	0
TBL3	1
TBP	13
TBPL1	1
TBRG1	0
TBRG4	0
TBX15	0
TBX22	0
TBX3	0
TBX6	0
TCEA2	0
TCEANC	1
TCEANC2	0
TCEB1	21
TCEB2	8
TCEB3	1
TCEB3B	0
TCF12	3
TCF19	1
TCF25	0
TCF3	19
TCF4	8
TCHP	0
TCL1A	2
TCL6	0
TCP1	0
TCTEX1D1	0
TDO2	0
TDRD1	0
TDRD7	3
TEAD2	2
TEAD3	0
TEAD4	0
TECR	0
TEF	0
TEKT1	0
TEKT3	0
TEKT4	0
TEKT5	0
TENC1	2
TESC	1
TET2	0
TEX11	0
TEX13A	0
TEX264	0
TEX37	0
TFAM	0
TFAP2A	4
TFAP4	0
TFCP2	3
TFDP1	5
TFDP2	3
TFEC	0
TFF1	6
TFF3	0
TFG	1
TFIP11	1
TFPT	1
TFRC	5
TGFA	7
TGFB1	7
TGFBI	0
TGIF1	4
TGIF2LY	0
TGOLN2	1
THADA	0
THAP1	2
THAP10	0
THAP11	3
THAP6	0
THAP7	3
THAP8	0
THEM5	0
THEMIS2	0
THG1L	1
THOC1	2
THOP1	1
THRA	11
THRSP	0
TICAM2	2
TIE1	1
TIFA	1
TIGD5	0
TIGD7	0
TIMM44	1
TIMM8A	1
TIMMDC1	0
TINAGL1	0
TINCR	0
TINF2	5
TIPIN	1
TK1	1
TLK1	2
TM4SF4	0
TM6SF1	0
TMA16	1
TMCC2	1
TMCO6	0
TMEM100	0
TMEM106C	0
TMEM11	0
TMEM115	0
TMEM120B	0
TMEM123	0
TMEM126B	0
TMEM128	0
TMEM140	0
TMEM147	0
TMEM14A	0
TMEM14C	0
TMEM150A	0
TMEM159	0
TMEM171	0
TMEM174	0
TMEM182	0
TMEM183A	0
TMEM19	0
TMEM190	0
TMEM196	0
TMEM199	0
TMEM213	0
TMEM218	0
TMEM231	0
TMEM234	0
TMEM239	0
TMEM241	0
TMEM242	0
TMEM248	1
TMEM25	0
TMEM31	0
TMEM41A	0
TMEM43	0
TMEM51	0
TMEM74	0
TMEM79	0
TMEM86B	0
TMEM8A	0
TMPRSS4	0
TMSB10	0
TMSB4X	3
TMSB4XP1	0
TMSB4XP2	0
TMSB4XP6	0
TMTC3	0
TMUB2	0
TMX3	0
TNFAIP1	3
TNFAIP3	17
TNFAIP8	0
TNFAIP8L1	0
TNFRSF12A	2
TNFRSF13B	5
TNFRSF6B	3
TNFSF12	1
TNIP1	10
TNIP3	0
TNK2	7
TNMD	0
TNNC2	0
TNNI1	1
TNNI3	6
TNNT1	2
TNNT2	2
TNP1	1
TNP2	0
TNPO2	0
TNR	0
TNRC6A	1
TNXB	0
TOB2	1
TOLLIP	4
TOM1	4
TOMM22	0
TOMM7	0
TOP3B	0
TOR1A	0
TOR1AIP2	0
TOX4	0
TP53BP1	10
TP53BP2	11
TP53RK	3
TPD52L2	2
TPD52L3	1
TPM1	0
TPM3	0
TPM4	0
TPP2	0
TPRKB	1
TPT1	3
TPX2	2
TRAF1	17
TRAF2	37
TRAF3IP2	2
TRAF3IP3	1
TRAF4	5
TRAF5	8
TRAF6	27
TRAFD1	0
TRAIP	7
TRAPPC12	4
TRAPPC2L	3
TRAPPC2P1	0
TRAPPC3	6
TRAPPC5	0
TRAPPC6A	2
TREX1	0
TRIB3	11
TRIM10	0
TRIM13	0
TRIM15	0
TRIM17	5
TRIM2	1
TRIM21	5
TRIM23	4
TRIM26	1
TRIM27	19
TRIM29	1
TRIM31	3
TRIM32	11
TRIM36	1
TRIM37	0
TRIM38	2
TRIM39	5
TRIM41	2
TRIM42	0
TRIM43	0
TRIM44	1
TRIM54	3
TRIM59	1
TRIM69	0
TRIM7	1
TRIM72	0
TRIM74	0
TRIM9	1
TRIP10	8
TRIP13	0
TRIP6	5
TRMT1	0
TRMT12	0
TRMT2B	0
TRMT61B	0
TRO	0
TROAP	3
TRPV6	1
TSACC	0
TSC22D1	3
TSC22D3	0
TSC22D4	4
TSEN2	0
TSEN54	0
TSG101	27
TSGA10	1
TSGA10IP	0
TSHZ3	0
TSNAX	2
TSPAN12	0
TSPAN15	0
TSPAN4	0
TSPO	1
TSPYL4	0
TSR2	0
TSSC4	0
TSSK1B	0
TSSK3	0
TSTD2	0
TTBK2	1
TTC1	1
TTC12	0
TTC19	0
TTC21A	0
TTC23	0
TTC23L	0
TTC25	0
TTC32	0
TTC33	0
TTC39B	0
TTC5	0
TTC9C	0
TTLL10	0
TTPA	0
TTR	4
TUBA1B	2
TUBA3E	0
TUBB	3
TUBGCP4	0
TUFM	0
TUFT1	1
TULP3	1
TUSC2	0
TWIST2	1
TWSG1	0
TXLNA	0
TXLNB	0
TXN2	0
TXNDC12	0
TXNDC17	0
TXNDC5	0
TXNDC9	0
TXNL4A	3
TXNL4B	2
TYK2	2
TYMP	0
TYMSOS	1
TYRO3	2
U2AF1	12
U2AF2	17
UACA	0
UAP1	0
UBA2	1
UBA3	3
UBA5	1
UBA6	2
UBA7	1
UBAC1	0
UBAC2	0
UBAP1	0
UBASH3A	0
UBASH3B	1
UBB	11
UBC	0
UBE2A	4
UBE2C	1
UBE2D1	39
UBE2D3	33
UBE2D4	12
UBE2E2	7
UBE2E3	11
UBE2H	0
UBE2I	73
UBE2K	4
UBE2L6	8
UBE2O	0
UBE2Q1	1
UBE2R2	1
UBE2U	1
UBE2V1	2
UBE2W	9
UBE2Z	2
UBE3A	15
UBE3C	0
UBL4A	1
UBL4B	0
UBL7	0
UBLCP1	0
UBOX5	4
UBQLN1	25
UBQLN4	10
UBR7	0
UBTD1	0
UBTD2	0
UBXN1	1
UBXN11	3
UBXN2B	1
UBXN4	1
UBXN6	1
UCHL5	5
UCMA	0
UCP2	0
UGDH	0
UGGT2	0
UGP2	0
UNC119	3
UNC45A	0
UPF2	6
UPK1B	0
UPK2	0
UPK3A	0
UPP2	0
UPRT	0
UQCRB	0
UQCRH	1
URB1-AS1	0
UROD	0
USE1	0
USF1	3
USF2	0
USH1C	3
USHBP1	2
USO1	1
USP10	1
USP15	2
USP18	1
USP2	2
USP20	2
USP21	1
USP22	0
USP25	3
USP47	0
USP5	1
USP53	1
USP54	2
USP6	2
USPL1	0
UTP11L	0
UTP14C	0
UTP23	0
UTP3	0
UXT	4
VAC14	1
VAMP1	1
VAMP2	7
VAMP3	3
VAMP4	1
VAMP5	0
VAPA	3
VAPB	0
VARS	0
VARS2	0
VASH1	0
VASN	0
VASP	5
VAT1L	0
VBP1	2
VCL	7
VCP	20
VEGFB	1
VENTX	0
VGLL2	0
VHL	19
VHLL	0
VIM	11
VIP	0
VIPAS39	1
VPS11	2
VPS25	5
VPS28	2
VPS29	2
VPS33B	1
VPS35	4
VPS37A	2
VPS37B	1
VPS37C	2
VPS45	0
VPS4B	2
VPS52	1
VPS72	0
VSNL1	0
VTI1B	0
VTN	3
VWA2	0
WAC	0
WAS	9
WASF1	8
WASH3P	0
WASL	9
WBP11	5
WBP1L	0
WBP2	0
WDFY3	1
WDR24	0
WDR25	0
WDR27	0
WDR34	4
WDR4	0
WDR47	0
WDR5	11
WDR54	0
WDR6	1
WDR62	1
WDR7	0
WDR74	0
WDR83	5
WDR90	0
WDYHV1	0
WFDC10B	0
WFDC9	0
WHSC1L1	0
WIBG	1
WIF1	0
WIPF1	7
WIPI2	0
WNT11	0
WT1	6
WT1-AS	0
WTAP	1
WWP1	7
WWP2	5
XAB2	7
XAGE1D	0
XAGE2	0
XAGE3	1
XCL1	0
XCL2	0
XIAP	22
XKR3	0
XPA	5
XPO4	0
XPO6	0
XPO7	0
XRCC2	1
XRCC4	8
XRCC6BP1	1
YAF2	1
YARS2	0
YES1	5
YIPF1	0
YIPF2	0
YIPF3	0
YIPF4	0
YIPF6	0
YKT6	0
YPEL3	0
YTHDC1	5
YWHAE	33
YWHAG	13
YWHAQ	27
ZAK	3
ZBED1	0
ZBED4	0
ZBED8	0
ZBP1	1
ZBTB1	0
ZBTB10	0
ZBTB14	1
ZBTB16	23
ZBTB18	1
ZBTB22	0
ZBTB24	0
ZBTB25	0
ZBTB26	0
ZBTB32	3
ZBTB38	0
ZBTB43	1
ZBTB44	0
ZBTB48	0
ZBTB49	0
ZBTB5	0
ZBTB6	1
ZBTB7A	4
ZBTB7B	0
ZBTB8A	0
ZBTB9	0
ZC2HC1A	0
ZC2HC1C	0
ZC3H10	1
ZC3H12A	2
ZC3H14	0
ZC3H15	0
ZC4H2	0
ZCCHC10	0
ZCCHC12	0
ZCCHC13	0
ZCCHC17	0
ZCCHC7	0
ZDHHC17	1
ZDHHC22	0
ZDHHC24	0
ZFAND2B	0
ZFAND6	1
ZFC3H1	0
ZFHX3	1
ZFP2	0
ZFP64	0
ZFP69B	0
ZFYVE19	0
ZFYVE20	6
ZFYVE21	0
ZFYVE26	0
ZFYVE9	6
ZG16	0
ZG16B	0
ZGPAT	0
ZHX3	3
ZKSCAN1	0
ZKSCAN3	0
ZKSCAN4	0
ZKSCAN7	0
ZMAT1	0
ZMAT2	1
ZMAT3	0
ZMAT4	0
ZMIZ2	2
ZMYM4	0
ZMYM5	0
ZMYND10	0
ZMYND19	0
ZNF101	0
ZNF114	0
ZNF124	0
ZNF131	0
ZNF133	1
ZNF136	0
ZNF138	0
ZNF148	1
ZNF155	0
ZNF16	1
ZNF165	0
ZNF169	0
ZNF175	0
ZNF177	0
ZNF18	0
ZNF180	0
ZNF2	0
ZNF20	0
ZNF202	1
ZNF205-AS1	0
ZNF212	2
ZNF219	0
ZNF223	0
ZNF224	0
ZNF227	0
ZNF23	0
ZNF230	0
ZNF232	0
ZNF239	1
ZNF24	0
ZNF250	0
ZNF26	0
ZNF260	0
ZNF263	0
ZNF264	0
ZNF266	0
ZNF273	0
ZNF276	0
ZNF277	0
ZNF286A	0
ZNF3	2
ZNF302	0
ZNF317	0
ZNF32	0
ZNF320	0
ZNF329	0
ZNF337	0
ZNF33B	0
ZNF34	0
ZNF341	0
ZNF343	0
ZNF346	1
ZNF366	2
ZNF385C	0
ZNF391	0
ZNF394	0
ZNF396	0
ZNF397	0
ZNF398	1
ZNF404	0
ZNF408	4
ZNF41	0
ZNF410	0
ZNF414	0
ZNF415	0
ZNF417	0
ZNF418	0
ZNF419	0
ZNF425	0
ZNF426	0
ZNF433	0
ZNF439	0
ZNF440	0
ZNF446	0
ZNF449	0
ZNF460	0
ZNF461	0
ZNF471	0
ZNF473	1
ZNF483	0
ZNF488	0
ZNF490	0
ZNF496	1
ZNF497	0
ZNF502	0
ZNF511	0
ZNF512B	2
ZNF513	0
ZNF524	0
ZNF543	0
ZNF544	0
ZNF550	0
ZNF555	0
ZNF559	0
ZNF564	0
ZNF567	0
ZNF569	0
ZNF572	0
ZNF576	0
ZNF578	0
ZNF581	0
ZNF587	0
ZNF592	0
ZNF593	0
ZNF599	0
ZNF607	0
ZNF614	0
ZNF624	0
ZNF625	0
ZNF627	0
ZNF639	0
ZNF646	0
ZNF655	1
ZNF662	0
ZNF670	0
ZNF671	0
ZNF679	0
ZNF69	0
ZNF695	0
ZNF697	0
ZNF699	0
ZNF702P	0
ZNF707	0
ZNF747	0
ZNF750	0
ZNF763	0
ZNF765	0
ZNF772	0
ZNF774	0
ZNF778	0
ZNF785	0
ZNF786	0
ZNF79	0
ZNF792	0
ZNF821	0
ZNF844	0
ZNF846	0
ZNF85	0
ZNHIT1	2
ZNRD1	0
ZNRF2P1	0
ZRSR2	0
ZSCAN1	0
ZSCAN12	0
ZSCAN16	0
ZSCAN21	0
ZSCAN22	0
ZSCAN26	0
ZSCAN32	0
ZSCAN9	0
ZUFSP	0
ZXDC	1
ZYX	8
ZZZ3	2
